company,team_size,contact_name,contact_title,industry,employee_count,has_field_service,field_service_scale,icp_score,fit_level,reasoning_text,recommended_action,talking_points_text,confidence,business_model,description
IBM,15.0,Jessica Murillo,"COO, Technology Lifecycle Services",Information Technology and Consulting,280000-290000,True,large,95,High,"Perfect size match with 280,000+ employees, far exceeding the 2,000+ ideal threshold | Strong tech stack alignment - uses both Salesforce and ServiceNow, which are core ICP technologies | Large-scale global field service operations for hardware maintenance and enterprise solutions, likely handling well over 1,000 monthly tickets | COO of Technology Lifecycle Services is ideal decision-maker for field service AI solutions | 15-person conference presence indicates serious investment in service operations innovation",Priority outreach,"Reducing resolution time for IBM's massive global hardware maintenance and enterprise support operations - 75% faster means significant cost savings at IBM's scale | AI agents can integrate with existing ServiceNow and Salesforce infrastructure to enhance rather than replace current investments | Scale efficiency: with 280K+ employees and global operations, even modest resolution improvements translate to millions in operational savings and improved SLA performance | Technology Lifecycle Services specifically deals with equipment and service management - perfect use case for technical support AI automation | IBM's own AI expertise means they'll appreciate sophisticated AI architecture - position as peer-level AI solution for field service domain",high,service_provider,"IBM is a multinational technology and consulting company providing cloud, AI, and enterprise services with extensive global field service operations for hardware maintenance and enterprise solutions."
Omron Corporation,1.0,Showkot Hassan,Global Head of Service,Industrial Automation and Electronics,"28,000-30,000",True,large,95,High,"Perfect industry fit: Industrial automation manufacturer with extensive field service operations across 120+ countries requiring technical support for complex equipment | Exceptional size and scale: 28,000-30,000 employees with global operations guarantees 1000+ monthly support tickets, likely 10,000+ given their manufacturing footprint | Strong tech stack alignment: Uses both Salesforce and SAP (likely SAP Field Service), two of the four target platforms | Critical contact: Global Head of Service is the exact decision-maker for AI-powered field service optimization initiatives",Priority outreach,"Industrial automation equipment failures are costly - demonstrate how 75% faster technical resolutions reduce downtime for Omron's global customers and improve service contract profitability | With operations in 120+ countries, AI agents can provide consistent expert-level troubleshooting across time zones and languages, scaling tribal knowledge globally | Salesforce + SAP integration capabilities can unify service data and automate case resolution across their existing tech stack, reducing mean time to repair for complex automation systems",high,manufacturer,"Omron Corporation is a global leader in industrial automation, electronic components, healthcare equipment, and social systems with operations in over 120 countries."
Accuray,1.0,Todd Brown,"SVP, Global Commercial Operations and Service",Medical Devices & Healthcare Technology,6000-7000,True,large,95,High,"Perfect industry match: Medical device manufacturer with complex, mission-critical equipment requiring extensive field service for radiation therapy systems deployed globally | Ideal company size (6000-7000 employees) and tech stack alignment with Salesforce, SAP, and ServiceMax already in use for service operations | High-stakes field service environment where 75% faster resolutions directly impact patient care delivery and equipment uptime at healthcare facilities worldwide | SVP of Global Commercial Operations and Service is ideal decision-maker with direct authority over field service optimization and likely manages 1000+ monthly service tickets across global install base",Priority outreach,"Accelerate resolution times for critical CyberKnife/Radixact system issues to minimize patient treatment delays and maximize equipment availability | AI agents can integrate with existing Salesforce/SAP/ServiceMax stack to provide technicians with instant troubleshooting guidance, reducing mean time to repair on complex radiation therapy equipment | Scale technical expertise across global service team handling installation, maintenance, and support - particularly valuable for newer technicians servicing sophisticated medical devices where errors have high consequences",high,manufacturer,"Accuray develops and manufactures advanced radiation therapy systems (CyberKnife, Radixact) requiring extensive global field service for installation, maintenance, and technical support at healthcare facilities worldwide."
Siemens Smart Infrastructure,1.0,Brad Haeberle,"EVP, Services","Building automation, energy management, and smart infrastructure technology",70000+,True,large,95,High,"Perfect company size at 70,000+ employees with global field service operations at massive scale - far exceeds the 2,000+ employee ideal threshold | Strong tech stack alignment with SAP, Salesforce, and ServiceMax (field service management) - all preferred platforms in ICP | Manufacturing and infrastructure business model with extensive field service for installation, maintenance, and support of building automation and energy systems - directly matches target industries and use case | EVP of Services is ideal decision-maker contact with direct authority over field service operations and support infrastructure",Priority outreach,"Reducing response times for 70,000+ employee field service organization managing global building automation and energy system installations - 75% faster resolution can significantly reduce operational costs and SLA breaches | AI agents can integrate with existing ServiceMax and SAP infrastructure to accelerate technical troubleshooting for complex building systems and energy management equipment across multiple geographies | Scale efficiency for EVP Services: automating tier-1 technical support for thousands of field technicians and contractors dealing with Siemens building automation products, freeing senior engineers for complex escalations",high,manufacturer,"Siemens Smart Infrastructure provides intelligent building technology, energy systems, and infrastructure solutions with extensive field service operations for installation, maintenance, and support worldwide."
GE Healthcare,1.0,Matt Van Holland,"GM, Service Operations,",Medical Technology & Healthcare Equipment,50000-55000,True,large,95,High,"Perfect industry fit: Medical devices/equipment manufacturer with massive global field service operations for complex medical imaging equipment requiring specialized technical support | Exceptional size and scale: 50,000+ employees with large-scale field service operations managing installation, maintenance, and repair across global healthcare facilities - well above 1000+ monthly tickets threshold | Strong tech stack alignment: Uses Salesforce and SAP (both target platforms), plus ServiceMax (field service management software), indicating sophisticated service infrastructure ready for AI enhancement",Priority outreach,"Critical uptime requirements: Medical imaging equipment downtime directly impacts patient care - 75% faster resolution times could significantly reduce equipment outage duration in hospitals and clinics | Complex technical knowledge base: Medical devices require specialized expertise for troubleshooting CT, MRI, ultrasound systems - AI agents can democratize expert knowledge across global service team | High-value service contracts: Healthcare equipment service is mission-critical with premium SLAs - faster resolution drives customer retention and enables service team to handle more installations/repairs with same headcount",high,manufacturer,"GE Healthcare manufactures medical imaging equipment, diagnostics, and healthcare IT solutions with extensive global field service operations for installation, maintenance, and repair of medical devices."
Coherent Corporation,1.0,Norman Apfelbaum,"Global VP, Worldwide Customer Service",Photonics and Laser Technology,25000+,True,large,85,High,"Perfect size match with 25,000+ employees, well above the 2000+ ideal threshold | Strong tech stack alignment with both Salesforce and SAP already implemented, indicating sophisticated systems and readiness for AI integration | Global field service operations for complex photonics/laser equipment requiring technical expertise - ideal for AI-assisted troubleshooting and faster resolutions | Manufacturing of high-tech equipment (lasers, photonics) means complex technical support needs with specialized knowledge requirements | Global VP of Customer Service attending signals active investment in support operations improvement",Priority outreach,"Reduce resolution time for complex laser/photonics technical issues by 75% - critical when customers have production downtime with expensive equipment | Scale specialized technical knowledge across global service teams without expanding headcount - challenging with highly technical photonics products | Seamless integration with existing Salesforce and SAP infrastructure to augment current field service workflows | AI agents can handle tier-1 diagnostics and guide field technicians through complex troubleshooting procedures for specialized equipment | Improve first-time fix rates for global installations, reducing costly repeat visits and customer downtime in industrial/communications applications",high,manufacturer,"Coherent Corp. is a global leader in designing and manufacturing photonic and laser solutions for industrial, communications, electronics, and instrumentation markets."
Impel Companies,,Adam Gloss,Chief Operating Officer,Packaging and Industrial Supplies Distribution,250-500,True,medium,35,Low,"Employee count (250-500) is below the minimum threshold of 500+, significantly below ideal 2000+ | Regional operations rather than global scale required for ICP | Distribution business model in packaging/industrial supplies falls outside target industries (telecom, data platforms, manufacturing, medical devices) | Field service scale is 'medium' and likely generates fewer than 1000+ monthly tickets needed for ideal fit",Skip,Field service efficiency for delivery and equipment servicing operations across multi-state territories | Integration with existing Salesforce to streamline support ticket resolution for industrial supply queries | Reducing response times for customer equipment troubleshooting and product support in distribution centers,medium,distributor,"Impel Companies is a family-owned distributor providing packaging, janitorial, and industrial supplies across the Midwest and Southeast United States."
Premistar,1.0,Anthony Billups,President,Industrial Equipment Manufacturing,50-200,True,medium,25,Low,"Significantly undersized - 50-200 employees vs. target of 500+ (ideally 2000+) | Industry alignment is moderate (manufacturing/industrial equipment) but company scale suggests insufficient support volume for AI agent ROI | Regional operations only vs. target global footprint; likely <1000 monthly tickets given company size | Unknown tech stack with low confidence data - cannot confirm presence of target platforms (ServiceNow, Salesforce, SAP)",Skip,Field service efficiency for industrial equipment installation and maintenance operations | Reducing technician dispatch time and improving first-time fix rates for boiler/HVAC systems | Potential for future consideration as company scales beyond 500+ employees,low,manufacturer,"Premistar manufactures and services industrial equipment including boilers, pressure vessels, and HVAC systems with field installation and maintenance services."
Biotronics3D,,Tanya Singh,Chief Commercial Officer,Medical Device Manufacturing / 3D Bioprinting,1-10,False,none,15,Low,"Severe company size mismatch: 1-10 employees vs required 500+ employees, missing the minimum threshold by 50x | No field service operations: Startup has local operations with no field service infrastructure, while ICP requires global operations with 1000+ monthly tickets | Wrong business stage: Early-stage startup likely focused on R&D and product development, not operational scale support challenges that Ascendo.AI solves",Skip,"Future consideration: Bookmark for when they scale to commercial operations (3-5 years out) | Medical device industry alignment exists, but operational maturity is not there yet | May need basic support tools first before AI-powered technical support solutions",low,manufacturer,Biotronics3D is a startup developing 3D bioprinting technology for creating functional human tissues and organs for medical applications.
TridentCare,,Kyle Seiter,Chief Information Officer,Healthcare Services,10-50,True,small,15,Low,"Company size (10-50 employees) is significantly below ICP minimum of 500+ employees, indicating limited scale for AI automation ROI | Regional operations with likely minimal ticket volume falls far short of 1000+ monthly tickets requirement | Healthcare services (home care) is not a target industry - ICP focuses on telecom, data platforms, manufacturing, and medical devices, not healthcare service providers | Unknown tech stack with no indication of enterprise platforms like ServiceNow, Salesforce, or Zendesk that Ascendo.AI integrates with",Skip,"Future consideration: As TridentCare scales beyond 500+ employees, AI agents could optimize scheduling and dispatching of nurses and therapists | CIO attendance suggests technology investment interest, but company currently lacks the scale and complexity Ascendo.AI is designed for | Home healthcare field service operations could benefit from AI-driven support, but only at significantly larger operational scale",low,service_provider,"TridentCare provides home healthcare services including nursing, therapy, and personal care assistance."
